                  epoch,         train/box_loss,         train/cls_loss,         train/dfl_loss,   metrics/precision(B),      metrics/recall(B),       metrics/mAP50(B),    metrics/mAP50-95(B),           val/box_loss,           val/cls_loss,           val/dfl_loss,                 lr/pg0,                 lr/pg1,                 lr/pg2
                      1,                 4.2615,                 4.8824,                 4.0871,                  6e-05,                0.08333,                0.00049,                0.00012,                 5.3516,                 5.2372,                 4.3852,             0.00023595,             0.00023595,             0.00023595
                      2,                 3.1585,                 3.3402,                  3.024,                0.70906,                0.04982,                0.03311,                0.01135,                 2.6473,                 2.6703,                 2.7555,             0.00038011,             0.00038011,             0.00038011
                      3,                 2.6833,                 2.7942,                  2.491,                0.88986,                0.05694,                0.05211,                0.01702,                 2.3544,                 2.2862,                 2.4776,             0.00043002,             0.00043002,             0.00043002
                      4,                 2.4339,                 2.4336,                 2.3027,                0.59682,                 0.0962,                0.10659,                0.04074,                 2.2664,                 1.8707,                 2.3081,             0.00028988,             0.00028988,             0.00028988
                      5,                 2.3103,                 2.2101,                 2.1857,                0.76673,                0.10083,                0.10524,                0.04045,                 2.0719,                 1.9057,                 2.2161,             0.00014851,             0.00014851,             0.00014851
